{
  "Total" : {
    "transaction" : "Total",
    "sampleCount" : 150,
    "errorCount" : 0,
    "errorPct" : 0.0,
    "meanResTime" : 7.519999999999999,
    "medianResTime" : 4.0,
    "minResTime" : 2.0,
    "maxResTime" : 339.0,
    "pct1ResTime" : 5.0,
    "pct2ResTime" : 6.449999999999989,
    "pct3ResTime" : 231.9000000000019,
    "throughput" : 37.88835564536499,
    "receivedKBytesPerSec" : 7.646738444051528,
    "sentKBytesPerSec" : 4.514042371811064
  },
  "Health Check LCA" : {
    "transaction" : "Health Check LCA",
    "sampleCount" : 50,
    "errorCount" : 0,
    "errorPct" : 0.0,
    "meanResTime" : 6.199999999999999,
    "medianResTime" : 3.5,
    "minResTime" : 2.0,
    "maxResTime" : 129.0,
    "pct1ResTime" : 5.0,
    "pct2ResTime" : 7.0,
    "pct3ResTime" : 129.0,
    "throughput" : 13.835085777531821,
    "receivedKBytesPerSec" : 2.864295102379635,
    "sentKBytesPerSec" : 1.648320766463752
  },
  "Health Check Scoring" : {
    "transaction" : "Health Check Scoring",
    "sampleCount" : 50,
    "errorCount" : 0,
    "errorPct" : 0.0,
    "meanResTime" : 10.460000000000003,
    "medianResTime" : 4.0,
    "minResTime" : 2.0,
    "maxResTime" : 339.0,
    "pct1ResTime" : 5.899999999999999,
    "pct2ResTime" : 6.8999999999999915,
    "pct3ResTime" : 339.0,
    "throughput" : 12.651821862348179,
    "receivedKBytesPerSec" : 2.9034942750506074,
    "sentKBytesPerSec" : 1.5073459640688258
  },
  "Health Check NLP" : {
    "transaction" : "Health Check NLP",
    "sampleCount" : 50,
    "errorCount" : 0,
    "errorPct" : 0.0,
    "meanResTime" : 5.899999999999998,
    "medianResTime" : 3.0,
    "minResTime" : 2.0,
    "maxResTime" : 120.0,
    "pct1ResTime" : 5.0,
    "pct2ResTime" : 6.8999999999999915,
    "pct3ResTime" : 120.0,
    "throughput" : 14.338973329509606,
    "receivedKBytesPerSec" : 2.422502330083166,
    "sentKBytesPerSec" : 1.7083542443361055
  }
}